STATE,ST_CASE,VE_TOTAL,VE_FORMS,PVH_INVL,PEDS,PERNOTMVIT,PERMVIT,PERSONS,COUNTY,CITY,DAY,MONTH,YEAR,DAY_WEEK,HOUR,MINUTE,NHS,RUR_URB,FUNC_SYS,RD_OWNER,ROUTE,TWAY_ID,TWAY_ID2,MILEPT,LATITUDE,LONGITUD,SP_JUR,HARM_EV,MAN_COLL,RELJCT1,RELJCT2,TYP_INT,WRK_ZONE,REL_ROAD,LGT_COND,WEATHER1,WEATHER2,WEATHER,SCH_BUS,RAIL,NOT_HOUR,NOT_MIN,ARR_HOUR,ARR_MIN,HOSP_HR,HOSP_MN,CF1,CF2,CF3,FATALS,DRUNK_DR
40,400107,2,2,0,0,0,2,2,87,5060,29,3,2016,3,13,56,0,1,5,1,3,SR-59,,0,34.91330000,-97.254900000000,0,12,2,0,1,1,0,4,1,1,0,1,0,0000000,13,57,14,2,88,88,0,0,0,1,0
40,400108,1,1,0,0,0,1,1,109,3550,28,2,2016,1,18,58,1,2,1,1,1,I-44,,0,35.43160000,-97.571000000000,0,1,0,0,1,1,0,2,3,1,0,1,0,0000000,18,59,19,2,19,27,0,0,0,1,0
40,400109,1,1,0,0,0,2,2,37,0,25,3,2016,6,0,56,0,2,4,2,4,CR-33RD WEST AVE,,0,36.04710000,-96.029600000000,0,42,0,0,1,1,0,4,2,1,0,1,0,0000000,0,52,1,7,1,48,0,0,0,1,0
40,400110,2,2,0,0,0,3,3,21,0,1,4,2016,6,15,54,0,1,4,1,2,US-62,,48,35.92600000,-94.879000000000,0,1,0,0,1,1,0,1,1,1,0,1,0,0000000,15,56,16,1,88,88,14,0,0,1,0
40,400111,1,1,0,1,1,1,1,109,3550,19,1,2016,3,18,40,0,2,3,1,3,SR-152,,0,35.41314167,-97.643272220000,0,8,0,0,1,1,0,1,2,1,0,1,0,0000000,18,40,18,51,88,88,0,0,0,1,0
40,400112,2,2,0,0,0,2,2,143,3630,25,3,2016,6,11,31,0,2,5,4,6,E 106TH ST N,MEMORIAL DR,0,36.30746667,-95.884255560000,0,12,6,0,2,2,0,1,1,1,0,1,0,0000000,99,99,99,99,99,99,0,0,0,1,0
40,400113,2,2,0,0,0,4,4,125,0,25,3,2016,6,23,24,0,1,4,1,2,US-177,CR-1070,0,35.46352222,-97.000611110000,0,12,6,0,2,2,0,1,2,1,0,1,0,0000000,23,24,23,35,0,26,0,0,0,1,0
40,400114,2,2,0,0,0,2,2,35,0,10,3,2016,5,14,57,1,1,3,1,2,US-60,,112,36.62700000,-95.050100000000,0,12,6,0,1,1,0,1,1,10,0,10,0,0000000,99,99,99,99,99,99,0,0,0,1,0
40,400115,3,3,0,0,0,3,3,109,3550,24,3,2016,5,5,16,0,2,7,4,6,SE 74TH ST,,0,35.38998333,-97.403400000000,0,12,8,0,1,1,0,1,2,10,0,10,0,0000000,5,19,5,27,6,9,0,0,0,1,1
40,400116,2,2,0,0,0,3,3,109,3550,24,3,2016,5,14,48,1,2,1,1,1,I-44,,0,35.61290000,-97.354400000000,0,12,1,0,1,1,0,1,1,1,0,1,0,0000000,14,51,14,58,88,88,0,0,0,1,0
40,400117,1,1,0,0,0,1,1,19,0,30,3,2016,4,5,20,0,1,7,2,4,CR-HOSPITAL RD,,0,34.18440000,-97.492300000000,0,1,0,0,1,1,0,4,2,10,0,10,0,0000000,5,17,5,24,88,88,0,0,0,1,1
40,400118,2,2,0,0,0,8,8,119,0,4,4,2016,2,13,19,0,1,7,2,4,CR-NORFOLK,SR-33,0,35.98536389,-96.714102780000,0,12,6,0,3,2,0,2,1,1,0,1,0,0000000,13,32,13,57,14,42,0,0,0,1,0
40,400119,1,1,0,2,2,1,1,41,340,4,3,2016,6,18,54,0,1,5,1,3,SR-125,,0,36.63376944,-94.873361110000,0,8,0,0,1,1,0,1,2,1,0,1,0,0000000,18,56,19,10,88,88,0,0,0,2,0
40,400120,3,3,0,0,0,3,3,131,870,16,3,2016,4,14,0,0,2,3,1,3,SR-167,E PINE ST,0,36.17722500,-95.760780560000,0,12,1,0,3,2,0,1,1,1,0,1,0,0000000,13,59,14,2,14,45,0,0,0,1,0
40,400121,1,1,0,0,0,1,1,117,0,8,4,2016,6,23,35,0,1,7,2,4,CR-OLD HIGHWAY 64,,0,36.23710000,-96.396600000000,0,1,0,0,1,1,0,4,2,1,0,1,0,0000000,99,99,99,99,99,99,0,0,0,1,1
40,400122,2,2,0,0,0,6,6,31,0,11,3,2016,6,19,29,0,1,7,2,4,CR-KLEEMAN RD,CR-NORTH DR,0,34.82610000,-98.265500000000,0,12,6,0,2,2,0,1,2,2,0,2,0,0000000,20,8,20,31,21,4,0,0,0,1,0
40,400123,1,1,0,0,0,1,1,27,3420,24,3,2016,5,22,35,0,2,3,1,2,US-77,ELM ST,0,35.14471111,-97.394602780000,0,42,0,0,3,2,0,4,3,1,0,1,0,0000000,22,27,22,30,88,88,0,0,0,1,1
40,400124,1,1,0,0,0,2,2,39,1030,26,3,2016,7,14,47,1,2,1,1,1,I-40 EXIT RAMP,,0,35.49640000,-98.988800000000,0,1,0,1,20,1,0,1,1,1,0,1,0,0000000,14,46,14,51,15,19,0,0,0,1,0
40,400125,2,1,1,0,0,1,1,153,5220,22,2,2016,2,15,32,0,6,96,96,6,REDBUD LANE,ELMWOOD CIR,0,36.41972222,-99.345291670000,0,18,0,0,3,3,0,4,1,10,0,10,0,0000000,15,36,15,39,15,54,0,0,0,1,0
40,400126,1,1,0,1,1,3,3,109,3550,15,1,2016,6,6,48,0,2,5,4,6,S WESTERN AVE,W SHERIDAN AVE,0,35.46649444,-97.530094440000,0,8,0,0,2,2,0,1,3,1,0,1,0,0000000,6,49,6,56,7,11,0,0,0,1,0
40,400127,1,1,0,0,0,1,1,147,0,9,4,2016,7,11,19,1,1,3,1,2,US-75,,148,36.63670000,-95.935600000000,0,42,0,0,1,1,0,3,9,99,0,99,0,0000000,11,29,11,29,88,88,0,0,0,1,1
40,400128,1,1,0,1,1,1,1,5,260,3,3,2016,5,18,54,1,1,3,1,3,SR-3,S DICKERSON AVE,0,34.37470000,-96.119191670000,0,8,0,0,2,2,0,1,3,1,0,1,0,0000000,18,54,18,55,19,7,0,0,0,1,0
40,400129,1,1,0,0,0,2,2,131,0,14,3,2016,2,20,27,0,1,7,2,4,CR-EW34,,0,36.52470000,-95.636300000000,0,30,0,0,1,1,0,4,2,1,0,1,0,0000000,20,19,20,28,88,88,0,0,0,1,1
40,400130,2,2,0,0,0,2,2,109,3550,30,3,2016,4,20,46,0,2,4,4,6,N MACARTHUR BLVD,,0,35.55725833,-97.620661110000,0,1,0,0,1,1,0,1,3,10,0,10,0,0000000,20,47,21,0,21,18,0,0,0,1,0
40,400131,2,2,0,0,0,4,4,109,3550,4,4,2016,2,9,35,1,2,1,1,1,I-44,,0,35.60570278,-97.391658330000,0,12,1,0,1,1,0,1,1,1,0,1,0,0000000,9,40,10,6,10,39,27,0,0,1,0
40,400132,2,2,0,0,0,6,6,9,0,28,3,2016,2,17,13,0,1,5,1,3,SR-152,,31,35.29130000,-99.586200000000,0,12,7,0,1,1,0,1,1,10,0,10,0,0000000,17,18,17,41,18,46,0,0,0,1,0
40,400133,1,1,0,0,0,1,1,81,0,8,4,2016,6,22,58,0,1,7,2,4,CR-870,,0,35.75510000,-96.619800000000,0,38,0,0,1,1,0,4,2,1,0,1,0,0000000,23,32,23,56,0,38,0,0,0,1,1
40,400134,2,2,0,0,0,2,2,107,0,11,4,2016,2,14,22,0,1,4,1,2,US-75,,76,35.37870000,-96.122900000000,0,12,6,0,1,1,0,1,1,1,0,1,0,0000000,99,99,99,99,99,99,0,0,0,1,1
40,400135,1,1,0,0,0,1,1,103,0,16,4,2016,7,7,58,1,1,1,1,1,I-35,,0,36.35770000,-97.326800000000,0,57,0,0,1,1,0,3,1,10,0,10,0,0000000,7,58,8,6,88,88,0,0,0,1,0
40,400136,3,3,0,0,0,4,4,133,0,17,4,2016,1,9,7,1,1,3,1,2,US-377,,44,35.16160000,-96.674400000000,0,12,8,0,1,1,0,1,1,2,0,2,0,0000000,9,5,9,14,10,36,0,0,0,1,0
40,400137,2,2,0,0,0,2,2,79,0,21,4,2016,5,4,10,0,1,5,1,3,SR-63,,175,34.67300000,-94.772300000000,0,12,2,0,1,1,0,1,2,10,0,10,0,0000000,4,9,4,36,5,21,0,0,0,1,1
40,400138,1,1,0,2,2,1,1,109,3550,16,4,2016,7,21,36,0,2,4,4,6,SE 44TH ST,,0,35.42080556,-97.456552780000,0,15,0,0,1,1,0,1,2,10,0,10,0,0000000,21,36,21,44,22,3,0,0,0,1,0
40,400139,2,2,0,0,0,2,2,121,0,18,4,2016,2,10,3,0,1,4,1,3,SR-1,,16,34.83200000,-95.514400000000,0,12,6,0,1,1,0,1,1,2,0,2,0,0000000,99,99,99,99,99,99,0,0,0,1,0
40,400140,2,2,0,0,0,2,2,109,3550,21,4,2016,5,3,51,1,2,1,1,1,I-44,,0,35.61500000,-97.344400000000,0,12,2,0,1,1,0,1,2,1,0,1,0,0000000,4,20,4,25,4,59,0,0,0,1,1
40,400141,2,2,0,0,0,3,3,111,0,15,4,2016,6,12,30,1,1,1,1,1,I-40,,18,35.42870000,-96.055100000000,0,12,1,0,1,1,4,1,1,5,0,5,0,0000000,12,37,12,42,13,13,26,0,0,1,0
40,400142,1,1,0,0,0,1,1,21,0,19,4,2016,3,15,16,0,1,5,1,3,SR-10,,25,35.95380000,-94.909900000000,0,57,0,0,1,1,0,4,1,10,0,10,0,0000000,15,13,15,25,15,46,0,0,0,1,0
40,400143,2,2,0,0,0,2,2,89,0,21,4,2016,5,6,45,1,1,3,1,2,US-259,,59,33.77240000,-94.739400000000,0,12,2,0,1,1,0,1,4,5,0,5,0,0000000,6,52,7,5,88,88,0,0,0,1,0
40,400144,1,1,0,0,0,1,1,113,0,24,4,2016,1,12,30,0,1,5,2,4,CR-NEW PRUE RD,,0,36.24930000,-96.225500000000,0,24,0,0,1,1,0,4,1,1,0,1,0,0000000,99,99,99,99,88,88,0,0,0,1,0
40,400145,2,2,0,0,0,2,2,95,0,14,3,2016,2,10,4,0,1,4,1,3,SR-99,CR-W GRANTHAM,35,34.08550000,-96.707200000000,0,12,6,0,2,3,0,1,1,1,0,1,0,0000000,10,0,99,97,99,97,0,0,0,1,0
40,400146,2,2,0,0,0,5,5,49,0,18,4,2016,2,16,55,1,1,1,1,1,I-35,,0,34.54000000,-97.188700000000,0,12,11,0,1,1,0,1,1,10,0,10,0,0000000,16,55,17,2,18,10,0,0,0,1,0
40,400147,1,1,0,0,0,2,2,131,0,19,4,2016,3,10,18,1,1,1,1,1,I-44,,0,36.25770000,-95.646200000000,0,25,0,0,1,1,0,3,1,2,0,2,0,0000000,10,22,10,32,11,12,0,0,0,1,0
40,400148,2,2,0,0,0,2,2,31,2750,15,4,2016,6,17,1,1,2,2,1,2,US-62,NW 67TH ST,0,34.63791389,-98.474638890000,0,12,6,1,2,3,0,1,1,1,0,1,0,0000000,17,3,17,12,88,88,0,0,0,1,0
40,400149,1,1,0,0,0,1,1,39,0,20,4,2016,4,19,40,0,1,5,2,4,CR-NS2360,,0,35.80100000,-98.787200000000,0,42,0,0,1,1,0,4,5,1,0,1,0,0000000,19,48,19,57,88,88,0,0,0,1,0
40,400150,1,1,0,0,0,1,1,77,0,23,3,2016,4,22,39,0,1,4,1,2,US-270,,23,34.88750000,-95.469800000000,0,38,0,0,1,1,0,4,2,2,0,2,0,0000000,99,99,99,99,99,99,0,0,0,1,1
40,400151,1,1,0,0,0,3,3,79,0,30,3,2016,4,1,50,0,1,5,2,4,CR-COUNTY LINE RD,,0,34.66620000,-94.920500000000,0,42,0,0,1,1,0,4,2,10,0,10,0,0000000,1,59,2,17,3,46,0,0,0,1,1
40,400152,1,1,0,0,0,1,1,131,870,3,4,2016,1,8,18,0,2,5,4,6,E PINE ST,,0,36.17708056,-95.781316670000,0,32,0,0,1,1,0,4,1,1,0,1,0,0000000,8,16,8,26,8,56,0,0,0,1,0
40,400153,3,1,2,0,0,1,1,47,1550,10,4,2016,1,0,36,0,2,7,4,6,N WALNUT AVE,,0,36.40321944,-97.885491670000,0,14,0,0,1,1,0,7,3,10,0,10,0,0000000,88,88,88,88,88,88,0,0,0,1,1
40,400154,3,3,0,0,0,6,6,109,1480,17,4,2016,1,13,8,1,2,1,1,1,I-35,,0,35.68450000,-97.416400000000,0,57,0,0,1,1,0,3,1,2,0,2,0,0000000,13,10,13,16,13,46,0,0,0,2,0
40,400155,2,2,0,0,0,2,2,109,3550,18,4,2016,2,11,7,1,2,2,1,2,US-77,,0,35.59395833,-97.508211110000,0,12,6,0,1,1,0,1,1,10,0,10,0,0000000,12,3,12,5,12,31,0,0,0,1,0
40,400156,2,2,0,0,0,2,2,123,675,18,4,2016,2,21,50,0,1,5,2,4,CR-MAIN ST,,0,34.87610000,-96.667700000000,0,12,6,0,1,1,0,1,2,10,0,10,0,0000000,21,51,22,1,88,88,0,0,0,1,0
40,400157,2,2,0,0,0,4,4,15,0,21,4,2016,5,18,36,0,1,4,1,2,US-62,,39,35.03820000,-98.292500000000,0,12,6,0,1,1,0,1,1,1,0,1,0,0000000,18,42,19,9,19,40,0,0,0,1,0
40,400158,2,2,0,0,0,2,2,15,0,23,4,2016,7,22,30,0,1,4,1,2,US-62,,38,35.03760000,-98.295500000000,0,12,2,0,1,1,0,1,2,1,0,1,0,0000000,22,35,23,0,23,33,0,0,0,1,1
40,400159,2,2,0,0,0,3,3,51,0,27,4,2016,4,5,10,1,1,3,1,2,US-81,,122,35.23400000,-97.953700000000,0,12,6,0,1,1,0,1,2,5,0,5,0,0000000,5,20,5,36,6,23,0,0,0,2,0
40,400160,1,1,0,1,1,1,1,109,3550,22,4,2016,6,19,9,0,2,3,4,6,N PENNSYLVANIA AVE,,0,35.49424722,-97.547694440000,0,8,0,0,1,1,0,1,1,10,0,10,0,0000000,19,8,19,16,88,88,0,0,0,1,0
40,400161,2,2,0,0,0,3,3,109,3550,30,4,2016,7,2,33,1,2,1,1,1,I-35,,0,35.46140000,-97.494900000000,0,12,6,0,1,1,0,1,3,1,0,1,0,0000000,2,44,2,47,3,27,0,0,0,1,1
40,400162,2,2,0,0,0,3,3,89,0,6,5,2016,6,15,26,1,1,3,1,2,US-70,,160,34.04280000,-94.601600000000,0,12,6,0,1,1,0,2,1,1,0,1,0,0000000,15,30,16,11,16,51,0,0,0,1,0
40,400163,1,1,0,0,0,1,1,121,0,30,4,2016,7,5,23,0,1,5,2,4,CR-ADAMSON RD,,0,34.92750000,-95.598700000000,0,42,0,0,1,1,0,4,2,1,0,1,0,0000000,5,9,5,44,88,88,0,0,0,1,0
40,400164,1,1,0,0,0,1,1,109,3550,4,5,2016,4,22,39,1,2,1,1,1,I-44,,0,35.52750000,-97.527425000000,0,57,0,0,1,1,0,3,3,10,0,10,0,0000000,22,44,22,50,23,0,20,0,0,1,0
40,400165,1,1,0,1,1,1,1,109,3550,5,5,2016,5,16,48,0,2,3,4,6,SW 59TH ST,,0,35.40621944,-97.541266670000,0,8,0,0,1,1,0,1,1,10,0,10,0,0000000,16,51,16,53,17,9,0,0,0,1,0
40,400166,1,1,0,0,0,1,1,69,0,7,4,2016,5,9,12,0,1,5,1,3,SR-7,,78,34.36480000,-96.500900000000,0,1,0,0,1,1,0,1,1,1,0,1,0,0000000,9,10,9,32,88,88,0,0,0,1,0
40,400167,1,1,0,0,0,1,1,109,1300,23,4,2016,7,2,6,0,2,5,4,6,N SUNNYLANE RD,NE 4TH ST,0,35.47145000,-97.441602780000,0,25,0,0,3,3,0,4,2,1,0,1,0,0000000,88,88,88,88,88,88,0,0,0,1,0
40,400168,1,1,0,0,0,4,4,109,3550,23,4,2016,7,15,11,0,2,7,4,6,NW 8TH ST,,0,35.47605000,-97.648408330000,0,33,0,0,1,1,0,4,1,10,0,10,0,0000000,15,11,15,15,15,39,0,0,0,1,0
40,400169,1,1,0,0,0,1,1,109,3550,24,4,2016,1,21,31,0,2,4,4,6,NE 36TH ST,MOSLEY RD,0,35.50772500,-97.414577780000,0,1,0,0,1,1,0,1,2,1,0,1,0,0000000,21,26,21,36,21,52,0,0,0,1,1
40,400170,2,2,0,0,0,2,2,81,4999,11,5,2016,4,8,37,0,1,4,1,2,US-177,,0,35.68400000,-97.017200000000,0,12,2,0,1,1,0,1,1,10,0,10,0,0000000,8,38,8,43,10,2,0,0,0,1,1
40,400171,3,3,0,0,0,3,3,111,0,18,4,2016,2,17,24,1,1,3,1,2,US-75,CR-CONIFER,43,35.49160000,-95.956400000000,0,12,6,0,2,3,0,1,1,10,0,10,0,0000000,17,27,17,33,18,0,0,0,0,1,0
40,400172,1,1,0,0,0,1,1,37,0,23,4,2016,7,22,19,0,1,7,2,4,CR-151ST SOUTH,,0,35.94480000,-96.471100000000,0,21,0,0,1,1,0,4,2,1,0,1,0,0000000,22,21,22,33,23,49,0,0,0,1,1
40,400173,1,1,0,0,0,1,1,41,0,24,4,2016,1,16,37,1,1,3,1,2,US-412,,1,36.20270000,-94.751300000000,0,1,0,0,1,1,0,4,1,1,0,1,0,0000000,16,36,16,48,88,88,0,0,0,1,1
40,400174,1,1,0,0,0,2,2,37,0,24,4,2016,1,19,28,0,2,7,2,4,CR-91ST ST SOUTH,,0,36.03220000,-96.120200000000,0,24,0,0,1,1,0,4,1,1,0,1,0,0000000,19,29,19,34,20,3,0,0,0,1,1
40,400175,1,1,0,0,0,1,1,63,0,10,5,2016,3,2,49,0,1,4,1,2,US-75,,59,34.85000000,-96.249800000000,0,59,0,0,1,1,0,4,2,10,0,10,0,0000000,2,50,3,5,88,88,0,0,0,1,1
40,400176,1,1,0,0,0,1,1,131,0,2,3,2016,4,10,41,0,1,5,2,4,CR-EW32,,0,36.55390000,-95.529700000000,0,32,0,0,1,1,0,4,1,10,0,10,0,0000000,10,44,11,7,11,45,0,0,0,1,0
40,400177,1,1,0,0,0,2,2,97,3855,28,3,2016,2,16,59,0,2,4,4,6,SE 9TH ST,STATE ST,0,36.29279444,-95.323188890000,0,5,0,0,2,2,0,1,1,1,0,1,0,0000000,17,3,17,18,18,1,0,0,0,1,0
40,400178,1,1,0,0,0,1,1,131,0,3,4,2016,1,13,53,0,1,5,2,4,CR-EW45,,0,36.36530000,-95.491400000000,0,42,0,0,1,1,0,4,1,1,0,1,0,0000000,13,59,14,34,15,0,0,0,0,1,0
40,400179,2,2,0,0,0,2,2,119,0,25,4,2016,2,17,49,0,1,4,1,3,SR-51,SR-86,1,36.11580000,-97.282800000000,0,12,6,0,2,2,0,1,1,1,0,1,0,0000000,17,55,18,12,19,9,0,0,0,1,0
40,400180,2,2,0,0,0,2,2,109,3550,6,5,2016,6,3,12,1,2,1,1,1,I-240,,0,35.39170000,-97.522100000000,0,12,2,0,1,1,0,1,3,1,0,1,0,0000000,3,15,3,19,3,54,0,0,0,1,1
40,400181,1,1,0,0,0,3,3,133,0,8,5,2016,1,7,2,0,1,7,2,4,CR-3640,,0,35.22640000,-96.530200000000,0,32,0,0,1,1,0,4,4,1,0,1,0,0000000,6,51,7,0,7,51,0,0,0,1,0
40,400182,2,2,0,0,0,3,3,17,3550,20,4,2016,4,14,21,0,2,4,3,3,SR-92,,0,35.46302222,-97.760269440000,0,12,6,0,8,1,0,1,1,1,0,1,0,0000000,14,22,14,26,14,58,0,0,0,1,0
40,400183,3,3,0,0,0,4,4,109,3550,7,5,2016,7,13,25,0,2,3,1,2,US-62,,0,35.49301389,-97.350100000000,0,12,1,0,1,1,0,1,1,1,0,1,0,0000000,13,29,13,41,13,46,0,0,0,1,0
40,400184,2,2,0,0,0,2,2,37,0,7,5,2016,7,19,15,1,2,2,1,8,CREEK TURNPIKE,,0,36.00900000,-96.034100000000,0,12,1,0,1,1,0,1,1,10,0,10,0,0000000,88,88,88,88,88,88,0,0,0,1,1
40,400185,1,1,0,0,0,2,2,71,0,12,5,2016,5,2,41,0,2,7,2,4,CR-44TH ST,,0,36.79040000,-97.337100000000,0,34,0,0,1,1,0,4,2,10,0,10,0,0000000,99,99,99,99,99,99,0,0,0,2,1
40,400186,1,1,0,0,0,1,1,105,0,15,5,2016,1,14,36,0,1,5,1,3,SR-10,,10,36.91090000,-95.809800000000,0,34,0,0,1,1,0,4,1,10,0,10,0,0000000,14,32,14,51,88,88,0,0,0,1,0
40,400187,1,1,0,0,0,2,2,125,2950,17,5,2016,3,17,9,1,1,1,1,1,I-40,,0,35.38370000,-97.075800000000,0,42,0,0,1,1,0,3,1,10,0,10,0,0000000,17,8,17,19,17,39,0,0,0,1,0
40,400188,1,1,0,1,1,1,1,17,3550,18,5,2016,4,23,17,0,2,4,4,6,S MORGAN RD,,0,35.45389444,-97.689144440000,0,8,0,0,1,1,0,1,2,10,0,10,0,0000000,23,17,23,23,23,43,0,0,0,1,0
40,400189,1,1,0,1,1,1,1,109,3550,31,3,2016,5,18,25,0,2,3,4,6,S WESTERN AVE,,0,35.39207500,-97.530133330000,0,8,0,0,1,1,0,1,1,1,0,1,0,0000000,18,26,18,33,18,51,0,0,0,1,0
40,400190,1,1,0,0,0,2,2,33,0,16,4,2016,7,6,15,0,1,5,1,2,US-277,,214,34.44130000,-98.400300000000,0,35,0,0,1,1,0,4,2,1,0,1,0,0000000,99,99,99,99,99,99,0,0,0,1,1
40,400191,2,2,0,0,0,4,4,117,0,8,5,2016,1,8,30,0,1,5,1,2,US-64,,27,36.28600000,-96.517000000000,0,12,6,0,1,1,0,1,1,10,0,10,0,0000000,9,0,9,23,9,40,0,0,0,1,0
40,400192,1,1,0,1,1,5,5,13,1430,15,5,2016,1,0,13,1,2,2,1,2,US-69,,0,33.99693333,-96.404869440000,0,8,0,0,1,1,0,1,2,1,0,1,0,0000000,0,16,0,21,88,88,0,0,0,1,0
40,400193,3,3,0,0,0,4,4,109,3550,23,5,2016,2,6,53,0,2,4,4,6,S COUNCIL RD,,0,35.44127222,-97.654061110000,0,33,0,0,1,1,0,3,4,2,0,2,0,0000000,6,54,7,1,7,44,0,0,0,1,0
40,400194,2,2,0,0,0,4,4,49,0,4,5,2016,4,7,29,0,1,5,1,3,SR-19,CR-3100,113,34.81910000,-97.475300000000,0,12,6,0,2,2,0,1,1,1,0,1,0,0000000,99,99,99,99,88,88,0,0,0,1,0
40,400195,1,1,0,0,0,1,1,1,0,22,5,2016,1,17,30,0,1,5,2,4,CR-BUNCH RD,,0,35.66670000,-94.787700000000,0,1,0,0,1,1,0,4,1,1,0,1,0,0000000,88,88,88,88,88,88,0,0,0,1,0
40,400196,1,1,0,0,0,1,1,13,0,19,5,2016,5,6,50,0,1,5,1,3,SR-22,,68,34.14270000,-96.334400000000,0,24,0,0,1,1,0,4,1,10,0,10,0,0000000,7,4,7,19,7,49,0,0,0,1,0
40,400197,2,2,0,0,0,3,3,81,0,25,5,2016,4,11,18,1,1,1,1,1,I-44,,271,35.75410000,-96.676600000000,0,12,1,0,1,1,0,1,1,10,0,10,0,0000000,99,99,99,99,88,88,0,0,0,1,0
40,400198,1,1,0,0,0,1,1,89,0,27,5,2016,6,7,26,0,1,5,2,4,CR-OLD GOLDEN HWY,,0,34.03590000,-94.874800000000,0,1,0,0,1,1,0,1,1,10,0,10,0,0000000,7,26,7,40,88,88,0,0,0,1,0
40,400199,1,1,0,0,0,1,1,113,0,8,5,2016,1,0,23,0,1,7,2,4,CR-2409,,0,36.53600000,-96.162900000000,0,1,0,0,1,1,0,4,2,10,0,10,0,0000000,0,37,0,59,88,88,0,0,0,1,1
40,400200,1,1,0,0,0,4,4,9,0,14,4,2016,5,19,25,0,1,5,1,3,SR-152,,28,35.28990000,-99.590400000000,0,35,0,0,1,1,0,4,1,1,0,1,0,0000000,19,33,20,8,21,25,0,0,0,1,0
40,400201,1,1,0,0,0,2,2,9,1510,4,5,2016,4,21,2,0,2,6,4,6,E 7TH ST,,0,35.40743333,-99.384575000000,0,33,0,0,1,1,0,4,1,1,0,1,0,0000000,20,2,20,4,20,30,0,0,0,1,0
40,400202,1,1,0,0,0,2,2,113,0,8,5,2016,1,2,34,0,1,7,2,4,CR-EW2100,,0,36.71320000,-96.001300000000,0,42,0,0,1,1,0,4,2,1,0,1,0,0000000,2,8,2,15,88,88,0,0,0,1,1
40,400203,2,2,0,0,0,3,3,109,3170,10,5,2016,3,21,58,0,2,7,4,6,TINKER DIAGONAL,I-40 ON-RAMP,0,35.44691111,-97.426008330000,0,12,2,0,3,4,0,1,3,10,0,10,0,0000000,22,0,22,4,22,42,0,0,0,1,0
40,400204,1,1,0,1,1,1,1,109,3550,24,4,2016,1,22,6,0,2,3,4,6,W RENO AVE,,0,35.46410000,-97.589002780000,0,9,0,0,1,1,0,1,2,1,0,1,0,0000000,22,5,22,12,88,88,0,0,0,1,0
40,400205,3,3,0,0,0,7,7,143,3630,15,5,2016,1,14,32,1,2,2,1,2,US-169,,0,36.26604444,-95.848197220000,0,12,1,0,1,1,1,1,1,10,0,10,0,0000000,99,99,99,99,99,99,0,0,0,1,0
40,400206,1,1,0,0,0,1,1,47,0,23,5,2016,2,1,0,0,1,7,2,4,CR-E0520,,0,36.26020000,-97.874800000000,0,34,0,0,1,1,0,4,2,2,0,2,0,0000000,1,4,1,21,88,88,0,0,0,1,1
40,400207,1,1,0,0,0,5,5,89,0,1,5,2016,1,21,37,0,1,5,2,4,CR-PINE CREEK RD,,0,34.05640000,-95.087000000000,0,11,0,0,1,1,0,1,2,1,0,1,0,0000000,22,20,23,45,1,27,0,0,0,1,0
40,400208,1,1,0,0,0,1,1,13,0,23,5,2016,2,99,99,0,1,7,2,4,CR-SAWMILL RD,,0,34.04380000,-96.347200000000,0,35,0,0,1,1,0,4,9,99,0,99,0,0000000,88,88,88,88,88,88,0,0,0,1,1
40,400209,1,1,0,0,0,2,2,59,0,28,5,2016,7,14,7,0,1,4,1,2,US-64,,15,36.81200000,-99.822700000000,0,1,0,0,1,1,0,1,1,1,0,1,0,0000000,99,99,99,99,99,99,0,0,0,2,0
40,400210,1,1,0,0,0,2,2,91,0,28,5,2016,7,19,32,1,1,3,1,2,US-69 ON-RAMP,,169,35.45530000,-95.545700000000,0,1,0,0,20,1,0,1,1,1,0,1,0,0000000,99,99,99,99,88,88,0,0,0,1,1